date,num_cases,num_counties,num_hospitalizations,num_death,county_cases,county_death,timestamp_iso,num_icu,age_range,median_age,sex_males,sex_females,num_confirmed_cases,num_probable_cases,num_confirmed_death,num_probable_death
2020-03-19,119,24.0,33,0.0,"Number of counties with cases: Ashland (1), Belmont (2), Butler (8), Clark (1), Coshocton (2), Cuyahoga (53), Darke (1), Delaware (2), Franklin (10), Geauga (1), Hamilton (1), Huron (1), Lake (2), Lorain (6), Lucas (1), Mahoning (5), Medina (5), Miami (1), Montgomery (1), Richland (1), Stark (5), Summit (6), Trumbull (2), Tuscarawas (1)",,,,,,,,,,,
2020-03-20,169,28.0,39,1.0,"Number of counties with cases: Ashland (1), Ashtabula (1), Belmont (2), Butler (12), Clark (1), Coshocton (2), Cuyahoga (69), Darke (1), Delaware (2), Franklin (14), Geauga (1), Hamilton (7), Huron (1), Lake (3), Lorain (10), Lucas (2), Mahoning (7), Marion (1), Medina (6), Miami (1), Montgomery (1), Richland (1), Stark (6), Summit (10), Trumbull (3), Tuscarawas (1), Union (1), Warren (2)",Lucas County Resident,,,,,,,,,,
2020-03-21,247,33.0,58,3.0,"Number of counties with cases: Ashland (1), Ashtabula (1), Belmont (2), Butler (16), Clark (1), Clermont (2), Coshocton (2), Cuyahoga (92), Darke (1), Defiance (2), Delaware (4), Erie (1), Franklin (21), Gallia (1), Geauga (1), Hamilton (8), Huron (1), Lake (4), Licking (1), Lorain (14), Lucas (4), Mahoning (14), Marion (1), Medina (9), Miami (11), Montgomery (1), Richland (1), Stark (8), Summit (15), Trumbull (3), Tuscarawas (1), Union (1), Warren (2)","In Cuyahoga, Erie and Lucas County residents",,,,,,,,,,
2020-03-22,351,40.0,83,3.0,"Number of counties with cases: Ashland (1), Ashtabula (2), Belmont (2), Butler (17), Carroll (1), Clark (1), Clermont (5), Clinton (1), Columbiana (2), Coshocton (2), Cuyahoga (125), Darke (1), Defiance (2), Delaware (6), Erie (1), Franklin (34), Gallia (1), Geauga (2), Greene (1), Hamilton (19), Hancock (1), Huron (1), Lake (6), Licking (1), Lorain (19), Lucas (5), Mahoning (18), Marion (1), Medina (10), Miami (13), Montgomery (5), Portage (1), Richland (1), Stark (10), Summit (23), Trumbull (3), Tuscarawas (2), Union (1), Warren (3), Wood (1)","In Cuyahoga, Erie and Lucas County residents",,,,,,,,,,
2020-03-23,442,46.0,104,6.0,"Number of counties with cases: Ashland (1), Ashtabula (3), Belmont (2), Butler (17), Carroll (2), Clark (1), Clermont (5), Clinton (1), Columbiana (2), Coshocton (3), Cuyahoga (149), Darke (1), Defiance (2), Delaware (7), Erie (1), Franklin (44), Gallia (1), Geauga (2), Greene (1), Hamilton (26), Hancock (1), Highland (1), Huron (1), Knox (1), Lake (8), Licking (1), Logan (1), Lorain (24), Lucas (9), Madison (1), Mahoning (23), Marion (3), Medina (15), Miami (17), Montgomery (7), Portage (2), Richland (1), Sandusky (1), Stark (12), Summit (28), Trumbull (3), Tuscarawas (2), Union (1), Warren (5), Washington (1), Wood (2)","Cuyahoga (1), Erie (1), Franklin (2), Lucas (1), Stark (1)",,,,,,,,,,
2020-03-24,564,49.0,145,8.0,"Number of counties with cases: Ashland (1), Ashtabula (3), Belmont (2), Butler (18), Carroll (3), Champaign (1), Clark (2), Clermont (5), Clinton (1), Columbiana (3), Coshocton (3), Crawford (1), Cuyahoga (167), Darke (1), Defiance (2), Delaware (11), Erie (1), Fairfield (2), Franklin (75), Gallia (1), Geauga (5), Greene (3), Hamilton (38), Hancock (1), Highland (1), Huron (2), Knox (1), Lake (11), Licking (2), Logan (2), Lorain (30), Lucas (11), Madison (1), Mahoning (28), Marion (4), Medina (15), Miami (19), Montgomery (10), Portage (4), Richland (4), Sandusky (1), Stark (13), Summit (36), Trumbull (4), Tuscarawas (3), Union (2), Warren (7), Washington (1), Wood (2)","Cuyahoga (2), Erie (1), Franklin (2), Gallia (1), Lucas (1), Stark (1)",,,,,,,,,,
2020-03-25,704,,182,10.0,"Number of counties with cases:  55 - Ashland (1), Ashtabula (3), Belmont (3), Butler (18), Carroll (3), Champaign (1), Clark (2), Clermont (5), Clinton (2), Columbiana (4), Coshocton (4), Crawford (1), Cuyahoga (206), Darke (1), Defiance (2), Delaware (12), Erie (2), Fairfield (5), Fayette (1), Franklin (88), Gallia (1), Geauga (4), Greene (3), Hamilton (48), Hancock (1), Highland (1), Huron (2), Knox (2), Lake (14), Lawrence (1), Licking (3), Logan (2), Lorain (37), Lucas (23), Madison (2), Mahoning (42), Marion (4), Medina (22), Mercer (1), Miami (19), Montgomery (14), Pickaway (1), Portage (4), Richland (4), Sandusky (1), Seneca (1), Stark (12), Summit (43), Trumbull (9), Tuscarawas (3), Union (3), Warren (8), Washington (1), Wayne (1), Wood (3)","Number of deaths:  10 - Cuyahoga (2), Erie (1), Franklin (2), Gallia (1), Lucas (1), Miami (1), Stark (2)",2020-03-25T20:17:21.763041-04:00,75.0,<1-94,51,53%,47%,,,,
2020-03-26,867,,223,15.0,,,2020-03-26T14:20:06.107236-04:00,91.0,<1-94,51,53%,47%,,,,
2020-03-27,1137,,276,19.0,,,2020-03-27T15:38:51.956663-04:00,107.0,<1-96,52,52%,48%,,,,
2020-03-28,1406,,344,25.0,,,2020-03-28T14:30:06.460418-04:00,123.0,<1-96,52,50%*,49%*,,,,
2020-03-29,1653,,403,29.0,,,2020-03-29T14:30:05.946578-04:00,139.0,<1-98,52,50%*,49%*,,,,
2020-03-30,1933,,475,39.0,,,2020-03-30T14:30:06.010351-04:00,163.0,<1-98,53,50%*,50%*,,,,
2020-03-31,2199,,585,55.0,,,2020-03-31T14:30:06.865268-04:00,198.0,<1-99,53,49%*,51%*,,,,
2020-04-01,2547,,679,65.0,,,2020-04-01T14:30:06.195418-04:00,222.0,<1-99,53,49%*,51%*,,,,
2020-04-02,2902,,802,81.0,,,2020-04-02T14:30:06.017069-04:00,260.0,<1-99,53,49%*,51%*,,,,
2020-04-03,3312,,895,91.0,,,2020-04-03T14:30:06.668068-04:00,288.0,<1-101,54,48%*,51%*,,,,
2020-04-04,3739,,1006,102.0,,,2020-04-04T14:30:06.461499-04:00,326.0,<1-101,53,48%*,51%*,,,,
2020-04-05,4043,,1104,119.0,,,2020-04-05T15:03:04.940325-04:00,346.0,<1-101,53,48%*,51%*,,,,
2020-04-06,4450,,1214,142.0,,,2020-04-06T14:30:05.826033-04:00,371.0,<1-101,54,48%*,52%*,,,,
2020-04-07,4782,,1354,167.0,,,2020-04-07T14:30:06.539698-04:00,417.0,<1-101,54,48%*,51%*,,,,
2020-04-08,5148,,1495,193.0,,,2020-04-08T14:30:06.856215-04:00,472.0,<1-101,54,48%*,52%*,,,,
2020-04-09,5512,,1612,213.0,,,2020-04-09T14:30:06.202303-04:00,497.0,<1-101,54,48%*,52%*,,,,
2020-04-10,5878,,1755,231.0,,,2020-04-10T14:30:06.606968-04:00,548.0,<1-101,54,48%*,52%*,,,,
2020-04-11,6250,,1859,247.0,,,2020-04-11T14:30:06.175698-04:00,572.0,<1-101,54,48%*,52%*,,,,
2020-04-12,6604,,1948,253.0,,,2020-04-12T20:27:23.813348-04:00,595.0,<1-101,54,48%*,52%*,6518.0,86.0,248.0,5.0
2020-04-13,6975,,2033,274.0,,,2020-04-13T14:30:06.146606-04:00,613.0,<1-101,54,48%*,52%*,6881.0,94.0,268.0,6.0
2020-04-14,7280,,2156,324.0,,,2020-04-14T14:30:06.975379-04:00,654.0,<1-101,54,48%*,52%*,7153.0,127.0,309.0,15.0
2020-04-15,7791,,2237,361.0,,,2020-04-15T14:30:06.302300-04:00,677.0,<1-104,54,48%*,52%*,7628.0,163.0,346.0,15.0
2020-04-16,8414,,2331,389.0,,,2020-04-16T14:30:05.917826-04:00,707.0,<1-104,54,49%*,51%*,8239.0,175.0,373.0,16.0
2020-04-17,9107,,2424,418.0,,,2020-04-17T14:30:10.266200-04:00,740.0,<1-106,54,50%*,50%*,8858.0,249.0,401.0,17.0
2020-04-18,10222,,2519,451.0,,,2020-04-18T14:30:06.013647-04:00,760.0,<1-106,53,53%*,47%*,9939.0,283.0,434.0,17.0
2020-04-19,11602,,2565,471.0,,,2020-04-19T14:30:05.585404-04:00,765.0,<1-106,52,57%*,43%*,11292.0,310.0,453.0,18.0
2020-04-20,12919,,2653,509.0,,,2020-04-20T14:30:06.989132-04:00,798.0,<1-106,51,59%*,40%*,12516.0,403.0,491.0,18.0
2020-04-21,13725,,2779,557.0,,,2020-04-21T14:30:06.864371-04:00,838.0,<1-106,50,60%*,40%*,13250.0,475.0,538.0,19.0
2020-04-22,14117,,2882,610.0,,,2020-04-22T14:30:06.938845-04:00,880.0,<1-106,51,60%*,40%*,13609.0,508.0,584.0,26.0
2020-04-23,14694,,2960,656.0,,,2020-04-23T14:30:06.841986-04:00,900.0,<1-106,51,59%*,41%*,14142.0,552.0,618.0,38.0
2020-04-24,15169,,3053,690.0,,,2020-04-24T14:30:06.789603-04:00,920.0,<1-106,51,58%*,41%*,14581.0,588.0,649.0,41.0
2020-04-25,15587,,3115,711.0,,,2020-04-25T14:30:06.420179-04:00,938.0,<1-106,51,58%*,42%*,14983.0,604.0,671.0,40.0
2020-04-26,15963,,3178,728.0,,,2020-04-26T14:30:06.455892-04:00,952.0,<1-106,51,58%*,42%*,15360.0,603.0,687.0,41.0
2020-04-27,16325,,3232,753.0,,,2020-04-27T14:30:13.799010-04:00,978.0,<1-106,51,57%*,42%*,15699.0,626.0,712.0,41.0
2020-04-28,16769,,3340,799.0,,,2020-04-28T14:30:06.950361-04:00,1004.0,<1-106,51,57%*,43%*,16128.0,641.0,757.0,42.0
2020-04-29,17303,,3421,937.0,,,2020-04-29T14:30:06.608327-04:00,1014.0,<1-106,51,57%*,43%*,16601.0,702.0,856.0,81.0
2020-04-30,18027,,3533,975.0,,,2020-04-30T14:30:24.425650-04:00,1035.0,<1-106,51,56%*,43%*,17285.0,742.0,898.0,77.0
2020-05-01,18743,,3634,1002.0,,,2020-05-01T14:30:29.149158-04:00,1056.0,<1-106,51,56%*,43%*,17962.0,781.0,922.0,80.0
2020-05-02,19335,,3712,1021.0,,,2020-05-02T14:30:06.473097-04:00,1066.0,<1-106,51,56%*,44%*,18537.0,798.0,940.0,81.0
2020-05-03,19914,,3769,1038.0,,,2020-05-03T14:30:22.059961-04:00,1078.0,<1-106,51,56%*,44%*,19094.0,820.0,957.0,81.0
2020-05-04,20474,,3809,1056.0,,,2020-05-04T14:30:21.912208-04:00,1090.0,<1-106,51,56%*,44%*,19609.0,865.0,975.0,81.0
2020-05-05,20969,,3956,1135.0,,,2020-05-05T14:30:05.472234-04:00,1123.0,<1-106,51,56%*,44%*,20072.0,897.0,1038.0,97.0
2020-05-06,21576,,4052,1225.0,,,2020-05-06T14:30:05.757682-04:00,1151.0,<1-106,51,55%,44%,20625.0,951.0,1114.0,111.0
2020-05-07,22131,,4140,1271.0,,,2020-05-07T14:30:06.476533-04:00,1167.0,<1-106,51,55%,44%,21132.0,999.0,1153.0,118.0
2020-05-08,23016,,4218,1306.0,,,2020-05-08T14:30:06.120566-04:00,1188.0,<1-106,51,55%,45%,21969.0,1047.0,1185.0,121.0
2020-05-09,23697,,4300,1331.0,,,2020-05-09T14:30:06.566080-04:00,1200.0,<1-106,51,54%,45%,22560.0,1137.0,1214.0,117.0
2020-05-10,24081,,4351,1341.0,,,2020-05-10T14:30:06.679727-04:00,1205.0,<1-108,51,54%,45%,22891.0,1190.0,1220.0,121.0
2020-05-11,24777,,4413,1357.0,,,2020-05-11T14:30:06.483639-04:00,1217.0,<1-108,50,54%,45%,23400.0,1377.0,1236.0,121.0
2020-05-12,25250,,4539,1436.0,,,2020-05-12T14:30:06.162489-04:00,1232.0,<1-108,50,54%,45%,23809.0,1441.0,1303.0,133.0
2020-05-13,25721,,4618,1483.0,,,2020-05-13T14:30:06.520354-04:00,1248.0,<1-108,50,54%,46%,24245.0,1476.0,1347.0,136.0
2020-05-14,26357,,4718,1534.0,,,2020-05-14T14:30:06.154505-04:00,1268.0,<1-108,50,54%,46%,24800.0,1557.0,1388.0,146.0
2020-05-15,26954,,4791,1581.0,,,2020-05-15T14:30:06.381975-04:00,1277.0,<1-108,50,54%,46%,25349.0,1605.0,1431.0,150.0
2020-05-16,27474,,4870,1610.0,,,2020-05-16T14:30:09.755775-04:00,1300.0,<1-108,50,54%,46%,25836.0,1638.0,1457.0,153.0
2020-05-17,27923,,4921,1625.0,,,2020-05-17T14:59:05.319569-04:00,1305.0,<1-108,50,54%,46%,26220.0,1703.0,1472.0,153.0
2020-05-18,28454,,4998,1657.0,,,2020-05-18T14:59:07.735083-04:00,1328.0,<1-108,50,53%,46%,26646.0,1808.0,1504.0,153.0
2020-05-19,28952,,5117,1720.0,,,2020-05-19T14:59:15.330786-04:00,1357.0,<1-108,50,53%,46%,27106.0,1846.0,1556.0,164.0
2020-05-20,29436,,5198,1781.0,,,2020-05-20T14:59:05.473902-04:00,1369.0,<1-109,50,53%,46%,27517.0,1919.0,1603.0,178.0
2020-05-21,30167,,5295,1836.0,,,2020-05-21T14:59:05.189203-04:00,1397.0,<1-109,50,53%,46%,28174.0,1993.0,1653.0,183.0
2020-05-22,30794,,5379,1872.0,,,2020-05-22T14:59:05.829600-04:00,1416.0,<1-109,50,53%,47%,28758.0,2036.0,1691.0,181.0
2020-05-23,31408,,5437,1956.0,,,2020-05-23T14:59:07.752307-04:00,1429.0,<1-109,50,53%,47%,29288.0,2120.0,1756.0,200.0
2020-05-24,31911,,5476,1969.0,,,2020-05-24T14:59:04.886505-04:00,1438.0,<1-109,50,53%,47%,29777.0,2134.0,1769.0,200.0
2020-05-25,32477,,5511,1987.0,,,2020-05-25T14:59:04.609612-04:00,1443.0,<1-109,50,53%,47%,30305.0,2172.0,1788.0,199.0
2020-05-26,33006,,5579,2002.0,,,2020-05-26T14:59:04.647935-04:00,1450.0,<1-109,49,53%,47%,30827.0,2179.0,1803.0,199.0
2020-05-27,33439,,5700,2044.0,,,2020-05-27T14:59:04.398362-04:00,1492.0,<1-109,49,52%,47%,31191.0,2248.0,1842.0,202.0
2020-05-28,33915,,5811,2098.0,,,2020-05-28T14:59:04.590285-04:00,1516.0,<1-109,49,52%,47%,31625.0,2290.0,1888.0,210.0
2020-05-29,34566,,5947,2131.0,,,2020-05-29T14:59:05.134875-04:00,1533.0,<1-109,49,52%,47%,32202.0,2364.0,1921.0,210.0
2020-05-30,35034,,6011,2149.0,,,2020-05-30T14:59:05.071527-04:00,1548.0,<1-109,49,52%,47%,32639.0,2395.0,1938.0,211.0
2020-05-31,35513,,6049,2155.0,,,2020-05-31T14:59:04.543424-04:00,1556.0,<1-109,49,52%,47%,33073.0,2440.0,1944.0,211.0
2020-06-01,35984,,6112,2206.0,,,2020-06-01T14:59:05.103223-04:00,1569.0,<1-109,49,52%,47%,33501.0,2483.0,1993.0,213.0
2020-06-02,36350,,6176,2258.0,,,2020-06-02T14:59:04.594457-04:00,1583.0,<1-109,49,52%,47%,33892.0,2521.0,2041.0,217.0
2020-06-03,36792,,6251,2299.0,,,2020-06-03T14:59:05.405352-04:00,1604.0,<1-109,49,52%,47%,34208.0,2584.0,2080.0,219.0
2020-06-04,37282,,6312,2339.0,,,2020-06-04T14:59:04.593713-04:00,1623.0,<1-109,49,52%,47%,34639.0,2643.0,2117.0,222.0
2020-06-05,37758,,6385,2355.0,,,2020-06-05T14:59:06.256790-04:00,1632.0,<1-109,49,52%,47%,35096.0,2662.0,2135.0,220.0
2020-06-06,38111,,6460,2370.0,,,2020-06-06T14:59:06.266586-04:00,1650.0,<1-109,49,52%,47%,35408.0,2703.0,2148.0,222.0
2020-06-07,38476,,6497,2377.0,,,2020-06-07T14:59:05.235359-04:00,1657.0,<1-109,49,52%,47%,35731.0,2745.0,2155.0,222.0
2020-06-08,38837,,6550,2404.0,,,2020-06-08T14:59:04.797607-04:00,1668.0,<1-109,49,52%,47%,36077.0,2760.0,2177.0,227.0
2020-06-09,39162,,6620,2421.0,,,2020-06-09T14:59:05.075421-04:00,1708.0,<1-109,49,52%,47%,36355.0,2807.0,2196.0,225.0
2020-06-10,39575,,6693,2457.0,,,2020-06-10T14:59:06.081614-04:00,1714.0,<1-109,49,52%,48%,36710.0,2865.0,2231.0,226.0
2020-06-11,40004,,6753,2490.0,,,2020-06-11T14:59:04.826705-04:00,1732.0,<1-109,49,52%,48%,37120.0,2884.0,2263.0,227.0
2020-06-12,40424,,6814,2508.0,,,2020-06-12T14:59:05.001376-04:00,1745.0,<1-109,49,52%,48%,37519.0,2905.0,2280.0,228.0
2020-06-13,40848,,6864,2554.0,,,2020-06-13T14:59:04.406299-04:00,1754.0,<1-109,49,52%,48%,37893.0,2955.0,2324.0,230.0
2020-06-14,41148,,6895,2557.0,,,2020-06-14T14:59:04.634692-04:00,1762.0,<1-109,49,51%,48%,38188.0,2960.0,2327.0,230.0
2020-06-15,41576,,6948,2573.0,,,2020-06-15T14:59:04.766001-04:00,1776.0,<1-109,48,51%,48%,38536.0,3040.0,2342.0,231.0
2020-06-16,42010,,7007,2597.0,,,2020-06-16T14:59:05.055416-04:00,1784.0,<1-109,48,51%,48%,38911.0,3099.0,2362.0,235.0
2020-06-17,42422,,7051,2611.0,,,2020-06-17T14:59:04.811253-04:00,1797.0,<1-109,48,51%,48%,39303.0,3119.0,2377.0,234.0
2020-06-18,43122,,7104,2633.0,,,2020-06-18T14:59:04.586313-04:00,1807.0,<1-109,48,51%,48%,39973.0,3149.0,2401.0,232.0
2020-06-19,43731,,7167,2667.0,,,2020-06-19T14:59:06.636291-04:00,1820.0,<1-109,48,51%,48%,40549.0,3182.0,2430.0,237.0
2020-06-20,44262,,7201,2697.0,,,2020-06-20T14:59:04.266956-04:00,1833.0,<1-109,48,51%,48%,41062.0,3200.0,2460.0,237.0
2020-06-21,44808,,7242,2700.0,,,2020-06-21T14:59:04.776721-04:00,1844.0,<1-109,48,51%,48%,41578.0,3230.0,2463.0,237.0
2020-06-22,45537,,7292,2704.0,,,2020-06-22T14:59:04.513965-04:00,1852.0,<1-109,47,51%,48%,42254.0,3283.0,2467.0,237.0
2020-06-23,46127,,7379,2735.0,,,2020-06-23T14:59:04.489869-04:00,1876.0,<1-109,47,51%,49%,42767.0,3360.0,2497.0,238.0
2020-06-24,46759,,7447,2755.0,,,2020-06-24T14:59:04.592539-04:00,1886.0,<1-109,47,51%,49%,43363.0,3396.0,2516.0,239.0
2020-06-25,47651,,7502,2772.0,,,2020-06-25T14:59:04.257475-04:00,1897.0,<1-109,47,51%,49%,44221.0,3430.0,2530.0,242.0
2020-06-26,48638,,7570,2788.0,,,2020-06-26T14:59:04.918353-04:00,1904.0,<1-109,47,50%,49%,45172.0,3466.0,2545.0,243.0
2020-06-27,49455,,7624,2804.0,,,2020-06-27T14:59:05.337100-04:00,1916.0,<1-109,47,50%,49%,45969.0,3486.0,2561.0,243.0
2020-06-28,50309,,7681,2807.0,,,2020-06-28T14:59:04.864284-04:00,1946.0,<1-109,46,50%,49%,46790.0,3519.0,2564.0,243.0
2020-06-29,51046,,7746,2818.0,,,2020-06-29T14:59:13.235468-04:00,1961.0,<1-109,46,50%,49%,47524.0,3522.0,2575.0,243.0
2020-06-30,51789,,7839,2863.0,,,2020-06-30T14:59:04.740074-04:00,1994.0,<1-109,46,50%,49%,48222.0,3567.0,2615.0,248.0
2020-07-01,52865,,7911,2876.0,,,2020-07-01T14:59:05.387014-04:00,2008.0,<1-109,46,50%,49%,49263.0,3602.0,2626.0,250.0
2020-07-03,55257,,8084,2903.0,,,2020-07-03T14:59:05.931955-04:00,2044.0,<1-109,45,50%,49%,51581.0,3676.0,2653.0,250.0
2020-07-04,56183,,8111,2907.0,,,2020-07-04T14:59:05.003875-04:00,2052.0,<1-109,45,50%,49%,52488.0,3695.0,2657.0,250.0
2020-07-05,57151,,8172,2911.0,,,2020-07-05T14:59:04.649606-04:00,2058.0,<1-109,45,50%,50%,53458.0,3693.0,2661.0,250.0
2020-07-06,57956,,8249,2927.0,,,2020-07-06T14:59:05.075232-04:00,2077.0,<1-109,45,50%,50%,54232.0,3724.0,2677.0,250.0
2020-07-07,58904,,8383,2970.0,,,2020-07-07T14:59:04.704360-04:00,2101.0,<1-109,45,49%,50%,55150.0,3754.0,2718.0,252.0
2020-07-08,60181,,8489,2991.0,,,2020-07-08T14:59:05.119888-04:00,2127.0,<1-109,45,49%,50%,56384.0,3797.0,2737.0,254.0
2020-07-09,61331,,8570,3006.0,,,2020-07-09T14:59:07.000171-04:00,2146.0,<1-109,45,49%,50%,57506.0,3825.0,2749.0,257.0
2020-07-10,62856,,8701,3032.0,,,2020-07-10T14:59:05.375832-04:00,2161.0,<1-109,44,49%,50%,59000.0,3856.0,2776.0,256.0
2020-07-11,64214,,8770,3036.0,,,2020-07-11T14:59:04.898341-04:00,2169.0,<1-109,44,49%,50%,60328.0,3886.0,2780.0,256.0
2020-07-12,65592,,8842,3058.0,,,2020-07-12T14:59:05.076003-04:00,2185.0,<1-109,44,49%,50%,61669.0,3923.0,2801.0,257.0
2020-07-13,66853,,8915,3064.0,,,2020-07-13T14:59:05.218269-04:00,2201.0,<1-109,44,49%,50%,62913.0,3940.0,2807.0,257.0
2020-07-14,67995,,9049,3069.0,,,2020-07-14T14:59:05.175781-04:00,2223.0,<1-109,44,49%,50%,64013.0,3982.0,2813.0,256.0
2020-07-15,69311,,9209,3075.0,,,2020-07-15T14:59:05.053586-04:00,2259.0,<1-109,43,49%,50%,65287.0,4024.0,2819.0,256.0
2020-07-16,70601,,9324,3103.0,,,2020-07-16T14:59:05.205105-04:00,2280.0,<1-109,43,49%,50%,66540.0,4061.0,2849.0,254.0
2020-07-17,72280,,9445,3112.0,,,2020-07-17T14:59:04.679123-04:00,2305.0,<1-109,43,49%,50%,68175.0,4105.0,2858.0,254.0
2020-07-18,73822,,9513,3132.0,,,2020-07-18T14:59:04.839011-04:00,2311.0,<1-109,43,49%,50%,69684.0,4138.0,2875.0,257.0
2020-07-19,74932,,9555,3174.0,,,2020-07-19T14:59:05.077321-04:00,2315.0,<1-109,43,49%,50%,70755.0,4177.0,2916.0,258.0
2020-07-20,76168,,9610,3189.0,,,2020-07-20T14:59:04.290803-04:00,2344.0,<1-109,43,49%,51%,71952.0,4216.0,2931.0,258.0
2020-07-21,77215,,9736,3219.0,,,2020-07-21T14:59:04.709152-04:00,2367.0,<1-109,43,48%,51%,72963.0,4252.0,2959.0,260.0
2020-07-22,78742,,9864,3235.0,,,2020-07-22T14:59:04.893237-04:00,2386.0,<1-109,43,48%,51%,74409.0,4333.0,2976.0,259.0
2020-07-23,80186,,9968,3256.0,,,2020-07-23T14:59:05.477393-04:00,2403.0,<1-109,43,48%,51%,75819.0,4367.0,2997.0,259.0
2020-07-24,81746,,10072,3297.0,,,2020-07-24T14:59:04.340187-04:00,2419.0,<1-109,42,48%,51%,77309.0,4437.0,3039.0,258.0
2020-07-26,84073,,10199,3307.0,,,2020-07-26T14:59:05.267832-04:00,2444.0,<1-109,42,48%,51%,79573.0,4500.0,3049.0,258.0
2020-07-27,85177,,10285,3344.0,,,2020-07-27T14:59:04.344596-04:00,2466.0,<1-109,42,48%,51%,80628.0,4549.0,3082.0,262.0
2020-07-28,86497,,10425,3382.0,,,2020-07-28T14:59:04.638918-04:00,2488.0,<1-109,42,48%,51%,81896.0,4601.0,3118.0,264.0
2020-07-30,89626,,10678,3442.0,,,2020-07-30T14:59:04.196752-04:00,2534.0,<1-109,42,48%,51%,84862.0,4764.0,3177.0,265.0
2020-08-01,92087,,10857,3515.0,,,2020-08-01T14:59:04.625246-04:00,2557.0,<1-109,42,48%,51%,87218.0,4869.0,3246.0,269.0
2020-08-02,93031,,10900,3529.0,,,2020-08-02T14:59:17.029819-04:00,2560.0,<1-109,42,48%,51%,88134.0,4897.0,3261.0,268.0
2020-08-03,93963,,10992,3539.0,,,2020-08-03T14:59:12.981954-04:00,2570.0,<1-109,42,48%,51%,88997.0,4966.0,3271.0,268.0
2020-08-04,95106,,11119,3570.0,,,2020-08-04T15:30:10.880873-04:00,2593.0,<1-109,42,48%,51%,90041.0,5065.0,3301.0,269.0
2020-08-05,96305,,11231,3596.0,,,2020-08-05T15:30:10.986296-04:00,2609.0,<1-109,42,48%,51%,91171.0,5134.0,3326.0,270.0
2020-08-06,97471,,11366,3618.0,,,2020-08-06T15:30:11.060292-04:00,2627.0,<1-109,42,48%,51%,92273.0,5198.0,3348.0,270.0
2020-08-07,98675,,11447,3652.0,,,2020-08-07T15:30:11.512736-04:00,2641.0,<1-109,42,48%,51%,93402.0,5273.0,3381.0,271.0
2020-08-08,99969,,11516,3668.0,,,2020-08-08T15:30:11.181022-04:00,2654.0,<1-109,42,48%,51%,94671.0,5298.0,3396.0,272.0
2020-08-09,100848,,11565,3669.0,,,2020-08-09T15:30:10.708934-04:00,2665.0,<1-109,42,48%,51%,95496.0,5352.0,3397.0,272.0
2020-08-10,101731,,11629,3673.0,,,2020-08-10T15:30:11.698372-04:00,2680.0,<1-109,42,48%,51%,96358.0,5373.0,3405.0,268.0
2020-08-11,102826,,11760,3708.0,,,2020-08-11T20:30:11.639020-04:00,2699.0,<1-109,42,48%,51%,97373.0,5453.0,3435.0,273.0
2020-08-12,104248,,11901,3734.0,,,2020-08-12T20:30:11.614928-04:00,2721.0,<1-109,42,48%,51%,98725.0,5523.0,3460.0,274.0
2020-08-13,105426,,12023,3755.0,,,2020-08-13T20:30:11.399878-04:00,2743.0,<1-109,42,48%,51%,99856.0,5570.0,3481.0,274.0
2020-08-14,106557,,12128,3784.0,,,2020-08-14T20:30:11.683182-04:00,2755.0,<1-109,42,48%,52%,100945.0,5612.0,3510.0,274.0
2020-08-15,107674,,12210,3824.0,,,2020-08-15T20:30:11.448214-04:00,2767.0,<1-109,42,48%,52%,102016.0,5658.0,3546.0,278.0
2020-08-16,108287,,12236,3826.0,,,2020-08-16T20:30:13.319014-04:00,2771.0,<1-109,42,48%,52%,102577.0,5710.0,3548.0,278.0
2020-08-17,109062,,12319,3832.0,,,2020-08-17T20:30:11.409012-04:00,2786.0,<1-109,42,48%,52%,103320.0,5742.0,3554.0,278.0
2020-08-19,110881,,12529,3907.0,,,2020-08-19T20:30:10.820075-04:00,2827.0,<1-109,42,48%,52%,104999.0,5882.0,3627.0,280.0
2020-08-20,112003,,12615,3929.0,,,2020-08-20T20:30:10.179177-04:00,2844.0,<1-109,42,48%,52%,106063.0,5940.0,3650.0,279.0
2020-08-21,113046,,12719,3955.0,,,2020-08-21T20:30:10.765451-04:00,2864.0,<1-109,42,48%,52%,107064.0,5982.0,3675.0,280.0
2020-08-22,114165,,12778,3975.0,,,2020-08-22T20:30:10.813329-04:00,2876.0,<1-109,42,48%,52%,108133.0,6032.0,3694.0,281.0
2020-08-23,114802,,12800,3978.0,,,2020-08-23T20:30:10.663784-04:00,2878.0,<1-109,42,47%,52%,108735.0,6067.0,3697.0,281.0
2020-08-24,115651,,12859,3986.0,,,2020-08-24T20:30:10.300857-04:00,2888.0,<1-109,42,47%,52%,109566.0,6085.0,3705.0,281.0
2020-08-25,116495,,12956,3996.0,,,2020-08-25T20:30:10.263828-04:00,2903.0,<1-109,42,47%,52%,110343.0,6152.0,3716.0,280.0
2020-08-26,117584,,13043,4044.0,,,2020-08-26T20:30:10.389439-04:00,2920.0,<1-109,42,47%,52%,111331.0,6253.0,3761.0,283.0
2020-08-27,118828,,13150,4076.0,,,2020-08-27T20:30:10.468396-04:00,2929.0,<1-109,42,47%,52%,112489.0,6339.0,3791.0,285.0
2020-08-28,120124,,13221,4105.0,,,2020-08-28T20:30:10.784444-04:00,2946.0,<1-109,42,47%,52%,113725.0,6399.0,3819.0,286.0
2020-08-29,121340,,13288,4126.0,,,2020-08-29T20:30:10.846598-04:00,2952.0,<1-109,42,47%,52%,114911.0,6429.0,3842.0,284.0
2020-08-30,122262,,13317,4128.0,,,2020-08-30T20:30:10.840834-04:00,2954.0,<1-109,42,47%,52%,115806.0,6456.0,3844.0,284.0
2020-08-31,123157,,13376,4138.0,,,2020-08-31T20:30:10.738634-04:00,2961.0,<1-109,42,47%,52%,116666.0,6491.0,3854.0,284.0
2020-09-01,124610,,13479,4165.0,,,2020-09-01T20:30:10.808199-04:00,2975.0,<1-109,42,47%,52%,118048.0,6562.0,3879.0,286.0
2020-09-02,125767,,13574,4176.0,,,2020-09-02T20:30:10.787631-04:00,2989.0,<1-109,42,47%,52%,119157.0,6610.0,3890.0,286.0
2020-09-03,127112,,13663,4226.0,,,2020-09-03T20:30:10.599716-04:00,3003.0,<1-109,41,47%,52%,120471.0,6641.0,3939.0,287.0
2020-09-04,128444,,13731,4248.0,,,2020-09-04T20:30:10.167483-04:00,3022.0,<1-109,41,47%,52%,121765.0,6679.0,3962.0,286.0
2020-09-05,129785,,13808,4256.0,,,2020-09-05T20:30:10.587071-04:00,3032.0,<1-109,41,47%,52%,123079.0,6706.0,3969.0,287.0
2020-09-06,130558,,13841,4259.0,,,2020-09-06T20:30:10.506499-04:00,3033.0,<1-109,41,47%,52%,123803.0,6755.0,3972.0,287.0
2020-09-07,131336,,13887,4276.0,,,2020-09-07T20:30:10.880378-04:00,3034.0,<1-109,41,47%,52%,124514.0,6822.0,3987.0,289.0
2020-09-08,131992,,13967,4298.0,,,2020-09-08T20:30:10.988810-04:00,3042.0,<1-109,41,47%,52%,125144.0,6848.0,4009.0,289.0
2020-09-09,132965,,14083,4324.0,,,2020-09-09T20:30:11.158332-04:00,3054.0,<1-109,41,47%,52%,126046.0,6919.0,4034.0,290.0
2020-09-10,134086,,14164,4354.0,,,2020-09-10T20:30:10.989180-04:00,3070.0,<1-109,41,47%,52%,127106.0,6980.0,4064.0,290.0
2020-09-11,135326,,14236,4403.0,,,2020-09-11T20:30:11.006174-04:00,3081.0,<1-109,41,47%,52%,128297.0,7029.0,4110.0,293.0
2020-09-12,136568,,14284,4411.0,,,2020-09-12T20:30:10.704130-04:00,3088.0,<1-109,41,47%,52%,129453.0,7115.0,4118.0,293.0
2020-09-13,137405,,14314,4415.0,,,2020-09-13T20:30:11.214619-04:00,3088.0,<1-109,41,47%,52%,130196.0,7209.0,4122.0,293.0
2020-09-14,138484,,14378,4419.0,,,2020-09-14T20:30:11.847346-04:00,3097.0,<1-109,41,47%,52%,131235.0,7249.0,4126.0,293.0
2020-09-15,139485,,14481,4506.0,,,2020-09-15T20:30:10.844657-04:00,3111.0,<1-109,41,47%,52%,132118.0,7367.0,4207.0,299.0
2020-09-16,140518,,14560,4555.0,,,2020-09-16T20:30:10.464013-04:00,3134.0,<1-109,41,47%,52%,133046.0,7472.0,4256.0,299.0
2020-09-17,141585,,14625,4580.0,,,2020-09-17T20:30:10.224124-04:00,3149.0,<1-109,40,47%,52%,134001.0,7584.0,4282.0,298.0
2020-09-18,142596,,14687,4608.0,,,2020-09-18T20:30:10.110023-04:00,3161.0,<1-109,40,47%,52%,134992.0,7674.0,4312.0,296.0
2020-09-19,143547,,14750,4612.0,,,2020-09-19T20:30:10.147050-04:00,3175.0,<1-109,40,47%,52%,135800.0,7747.0,4316.0,296.0
2020-09-20,144309,,14773,4615.0,,,2020-09-20T20:30:09.776980-04:00,3180.0,<1-109,40,47%,52%,136505.0,7804.0,4318.0,297.0
2020-09-21,145165,,14829,4623.0,,,2020-09-21T20:30:10.132648-04:00,3199.0,<1-109,40,47%,52%,137309.0,7856.0,4325.0,298.0
2020-09-22,145850,,14899,4635.0,,,2020-09-22T20:30:17.029174-04:00,3210.0,<1-109,40,47%,52%,137888.0,7962.0,4338.0,297.0
2020-09-23,146753,,14977,4687.0,,,2020-09-23T20:30:10.115550-04:00,3218.0,<1-109,40,47%,52%,138712.0,8041.0,4387.0,300.0
2020-09-24,147744,,15051,4715.0,,,2020-09-24T20:30:08.759645-04:00,3228.0,<1-109,40,47%,52%,139632.0,8112.0,4414.0,301.0
2020-09-25,148894,,15127,4734.0,,,2020-09-25T20:30:10.380982-04:00,3243.0,<1-109,40,47%,52%,140683.0,8211.0,4433.0,301.0
2020-09-26,150009,,15185,4740.0,,,2020-09-26T20:30:10.515708-04:00,3247.0,<1-109,40,47%,52%,141671.0,8338.0,4439.0,301.0
2020-09-27,150809,,15216,4741.0,,,2020-09-27T20:30:09.593589-04:00,3251.0,<1-109,40,47%,52%,142401.0,8408.0,4440.0,301.0
2020-09-28,151802,,15307,4746.0,,,2020-09-28T20:30:10.035265-04:00,3261.0,<1-109,40,47%,52%,143281.0,8521.0,4444.0,302.0
2020-09-29,152907,,15413,4783.0,,,2020-09-29T20:30:11.758815-04:00,3274.0,<1-109,40,47%,52%,144265.0,8642.0,4480.0,303.0
2020-09-30,153987,,15516,4804.0,,,2020-09-30T20:30:12.349010-04:00,3288.0,<1-109,40,47%,52%,145191.0,8796.0,4501.0,303.0
2020-10-01,155314,,15606,4817.0,,,2020-10-01T20:30:10.592994-04:00,3297.0,<1-109,40,47%,52%,146438.0,8876.0,4514.0,303.0
2020-10-02,156809,,15688,4905.0,,,2020-10-02T20:30:10.790760-04:00,3312.0,<1-109,40,47%,52%,147797.0,9012.0,4597.0,308.0
2020-10-03,157966,,15735,4925.0,,,2020-10-03T20:30:10.514670-04:00,3319.0,<1-109,40,47%,52%,148892.0,9074.0,4617.0,308.0
2020-10-04,158907,,15767,4925.0,,,2020-10-04T20:30:09.969793-04:00,3320.0,<1-109,40,47%,52%,149762.0,9145.0,4617.0,308.0
2020-10-05,159964,,15840,4931.0,,,2020-10-05T20:30:10.953942-04:00,3331.0,<1-109,40,47%,52%,150761.0,9203.0,4622.0,309.0
2020-10-06,161299,,15972,4947.0,,,2020-10-06T20:30:10.270060-04:00,3367.0,<1-109,40,47%,52%,151983.0,9316.0,4638.0,309.0
2020-10-07,162723,,16091,4970.0,,,2020-10-07T20:30:10.375066-04:00,3384.0,<1-109,40,47%,52%,153281.0,9442.0,4661.0,309.0
2020-10-08,164262,,16200,4983.0,,,2020-10-08T20:30:12.707103-04:00,3395.0,<1-109,40,47%,52%,154746.0,9516.0,4674.0,309.0
2020-10-09,166102,,16301,4994.0,,,2020-10-09T20:30:10.549068-04:00,3413.0,<1-109,40,47%,52%,156480.0,9622.0,4686.0,308.0
2020-10-10,167458,,16355,4997.0,,,2020-10-10T20:30:13.593036-04:00,3425.0,<1-109,40,47%,52%,157764.0,9694.0,4689.0,308.0
2020-10-11,168749,,16399,4999.0,,,2020-10-11T20:30:10.533267-04:00,3428.0,<1-109,40,47%,52%,158959.0,9790.0,4691.0,308.0
2020-10-12,170179,,16442,5005.0,,,2020-10-12T20:30:10.283108-04:00,3434.0,<1-109,40,47%,52%,160321.0,9858.0,4697.0,308.0
2020-10-13,171626,,16565,5017.0,,,2020-10-13T20:30:10.321704-04:00,3447.0,<1-109,40,47%,52%,161678.0,9948.0,4709.0,308.0
2020-10-14,173665,,16716,5033.0,,,2020-10-14T20:30:10.475792-04:00,3464.0,<1-109,40,47%,52%,163558.0,10107.0,4725.0,308.0
2020-10-15,175843,,16824,5038.0,,,2020-10-15T20:30:09.911862-04:00,3507.0,<1-109,40,47%,52%,165627.0,10216.0,4730.0,308.0
2020-10-16,177991,,16910,5054.0,,,2020-10-16T20:30:10.682660-04:00,3522.0,<1-109,40,47%,52%,167674.0,10317.0,4746.0,308.0
2020-10-17,180225,,17009,5067.0,,,2020-10-17T20:30:10.701281-04:00,3539.0,<1-109,40,47%,52%,169811.0,10414.0,4759.0,308.0
2020-10-18,181787,,17061,5067.0,,,2020-10-18T20:30:11.281727-04:00,3547.0,<1-109,40,47%,52%,171245.0,10542.0,4759.0,308.0
2020-10-19,183624,,17172,5075.0,,,2020-10-19T20:30:10.541284-04:00,3561.0,<1-109,41,47%,52%,172997.0,10627.0,4767.0,308.0
2020-10-20,185639,,17388,5083.0,,,2020-10-20T20:30:10.296840-04:00,3597.0,<1-109,41,47%,52%,174859.0,10780.0,4775.0,308.0
2020-10-21,188005,,17523,5149.0,,,2020-10-21T20:30:11.639111-04:00,3632.0,<1-109,41,47%,52%,177098.0,10907.0,4839.0,310.0
2020-10-22,190430,,17682,5161.0,,,2020-10-22T20:30:10.976543-04:00,3657.0,<1-109,41,47%,52%,179424.0,11006.0,4850.0,311.0
2020-10-23,192948,,17866,5184.0,,,2020-10-23T20:30:10.892840-04:00,3682.0,<1-109,41,47%,52%,181869.0,11079.0,4874.0,310.0
2020-10-24,195806,,18006,5206.0,,,2020-10-24T20:30:10.688318-04:00,3705.0,<1-109,41,47%,52%,184528.0,11278.0,4896.0,310.0
2020-10-25,198115,,18095,5206.0,,,2020-10-25T20:30:10.799993-04:00,3714.0,<1-109,41,47%,52%,186703.0,11412.0,4896.0,310.0
2020-10-26,200231,,18235,5217.0,,,2020-10-26T20:30:11.131031-04:00,3751.0,<1-109,41,47%,52%,188738.0,11493.0,4907.0,310.0
2020-10-27,202740,,18433,5239.0,,,2020-10-27T20:30:14.769980-04:00,3771.0,<1-109,41,47%,52%,191069.0,11671.0,4927.0,312.0
2020-10-28,205347,,18606,5256.0,,,2020-10-28T20:30:10.847548-04:00,3790.0,<1-109,41,47%,52%,193451.0,11896.0,4944.0,312.0
2020-10-29,208937,,18800,5275.0,,,2020-10-29T20:30:10.683965-04:00,3816.0,<1-109,41,47%,52%,196864.0,12073.0,4963.0,312.0
2020-10-30,212782,,18969,5291.0,,,2020-10-30T20:30:10.606026-04:00,3841.0,<1-109,41,47%,52%,200609.0,12173.0,4979.0,312.0
2020-10-31,215697,,19132,5301.0,,,2020-10-31T20:30:10.479326-04:00,3859.0,<1-109,41,47%,52%,203356.0,12341.0,4988.0,313.0
2020-11-01,219000,,19220,5303.0,,,2020-11-01T20:30:10.964964-05:00,3876.0,<1-109,41,47%,52%,206549.0,12451.0,4990.0,313.0
2020-11-02,221909,,19402,5340.0,,,2020-11-02T20:30:10.649856-05:00,3899.0,<1-109,41,47%,52%,209274.0,12635.0,5026.0,314.0
2020-11-03,226138,,19615,5373.0,,,2020-11-03T20:30:10.877289-05:00,3924.0,<1-109,41,47%,52%,213350.0,12788.0,5049.0,324.0
2020-11-04,230209,,19801,5428.0,,,2020-11-04T20:30:10.999932-05:00,3946.0,<1-109,41,47%,53%,217119.0,13090.0,5102.0,326.0
2020-11-05,235170,,20015,5461.0,,,2020-11-05T20:30:11.277295-05:00,3969.0,<1-109,41,47%,53%,221881.0,13289.0,5133.0,328.0
2020-11-06,240178,,20246,5494.0,,,2020-11-06T20:30:10.089271-05:00,3991.0,<1-109,41,47%,53%,226796.0,13382.0,5165.0,329.0
2020-11-07,245727,,20395,5506.0,,,2020-11-07T20:30:10.488767-05:00,4005.0,<1-109,41,47%,53%,232171.0,13556.0,5177.0,329.0
2020-11-08,250268,,20497,5517.0,,,2020-11-08T20:30:10.087942-05:00,4013.0,<1-109,41,47%,53%,236529.0,13739.0,5186.0,331.0
2020-11-09,254974,,20651,5524.0,,,2020-11-09T20:30:10.658570-05:00,4047.0,<1-109,41,47%,53%,241095.0,13879.0,5193.0,331.0
2020-11-10,261482,,21037,5547.0,,,2020-11-10T20:30:10.462913-05:00,4086.0,<1-109,41,47%,53%,247260.0,14222.0,5212.0,335.0
2020-11-11,267356,,21290,5623.0,,,2020-11-11T20:30:10.357687-05:00,4122.0,<1-109,41,47%,53%,252510.0,14846.0,5285.0,338.0
2020-11-12,274457,,21558,5658.0,,,2020-11-12T20:30:10.207160-05:00,4143.0,<1-109,41,47%,53%,259499.0,14958.0,5316.0,342.0
2020-11-13,282528,,21856,5700.0,,,2020-11-13T20:30:10.615594-05:00,4164.0,<1-109,42,47%,53%,267338.0,15190.0,5354.0,346.0
2020-11-14,290243,,22076,5714.0,,,2020-11-14T20:30:10.484893-05:00,4187.0,<1-109,42,47%,53%,274890.0,15353.0,5367.0,347.0
2020-11-15,298096,,22265,5722.0,,,2020-11-15T20:30:10.722587-05:00,4204.0,<1-109,42,46%,53%,282550.0,15546.0,5373.0,349.0
2020-11-16,305364,,22478,5742.0,,,2020-11-16T20:30:11.397883-05:00,4223.0,<1-109,42,46%,53%,289593.0,15771.0,5387.0,355.0
2020-11-17,312443,,22846,5772.0,,,2020-11-17T20:30:10.981135-05:00,4250.0,<1-109,42,46%,53%,296387.0,16056.0,5412.0,360.0
2020-11-18,318828,,23217,5827.0,,,2020-11-18T20:30:09.495089-05:00,4280.0,<1-109,42,46%,53%,302516.0,16312.0,5462.0,365.0
2020-11-19,326615,,23560,5890.0,,,2020-11-19T20:30:09.543940-05:00,4318.0,<1-109,42,46%,53%,310103.0,16512.0,5522.0,368.0
2020-11-20,335423,,23958,5955.0,,,2020-11-20T20:30:08.854866-05:00,4360.0,<1-109,42,46%,53%,318151.0,17272.0,5578.0,377.0
2020-11-21,343286,,24218,5955.0,,,2020-11-21T20:30:09.058539-05:00,4394.0,<1-109,42,46%,53%,325611.0,17675.0,5602.0,382.0
2020-11-22,351419,,24423,5996.0,,,2020-11-22T20:30:09.096557-05:00,4418.0,<1-109,42,46%,53%,333020.0,18399.0,5612.0,384.0
2020-11-23,363304,,24705,6020.0,,,2020-11-23T20:30:08.807694-05:00,4454.0,<1-109,42,46%,53%,344054.0,19250.0,5635.0,385.0
2020-11-24,371908,,25069,6118.0,,,2020-11-24T20:30:09.238547-05:00,4483.0,<1-109,42,46%,53%,351304.0,20604.0,5728.0,390.0
2020-11-25,382743,,25486,6274.0,,,2020-11-25T20:30:08.945133-05:00,4527.0,<1-109,42,46%,53%,361623.0,21120.0,5869.0,405.0
2020-11-27,399808,,25960,6346.0,,,2020-11-27T20:30:08.996025-05:00,4571.0,<1-109,42,46%,53%,378082.0,21726.0,5932.0,414.0
2020-11-28,406703,,26262,6378.0,,,2020-11-28T20:30:09.226388-05:00,4608.0,<1-109,42,46%,53%,384544.0,22159.0,5963.0,415.0
2020-11-29,414432,,26507,6399.0,,,2020-11-29T20:30:09.235405-05:00,4644.0,<1-109,42,46%,53%,392129.0,22303.0,5979.0,420.0
2020-11-30,421063,,26864,6429.0,,,2020-11-30T20:30:08.873210-05:00,4682.0,<1-109,42,46%,53%,398371.0,22692.0,6009.0,420.0
2020-12-01,430093,,27449,6548.0,,,2020-12-01T20:30:10.414907-05:00,4729.0,<1-109,42,46%,53%,406780.0,23313.0,6111.0,437.0
2020-12-02,437928,,27885,6671.0,,,2020-12-02T20:30:09.454503-05:00,4781.0,<1-109,42,46%,53%,414215.0,23713.0,6224.0,447.0
2020-12-03,446849,,28281,6753.0,,,2020-12-03T20:30:09.002888-05:00,4814.0,<1-109,42,46%,53%,422848.0,24001.0,6304.0,449.0
2020-12-04,456963,,28673,6882.0,,,2020-12-04T20:30:09.211359-05:00,4847.0,<1-109,42,46%,53%,432324.0,24639.0,6431.0,451.0
2020-12-05,467432,,28959,6946.0,,,2020-12-05T15:30:08.841837-05:00,4870.0,<1-109,42,46%,53%,442459.0,24973.0,6475.0,471.0
2020-12-06,475024,,29233,6959.0,,,2020-12-06T20:30:09.055218-05:00,4903.0,<1-109,42,46%,53%,449967.0,25057.0,6488.0,471.0
2020-12-07,484297,,29569,7022.0,,,2020-12-07T20:30:09.046055-05:00,4943.0,<1-109,42,46%,53%,458993.0,25304.0,6544.0,478.0
2020-12-08,510018,,30226,7103.0,,,2020-12-08T20:30:09.791932-05:00,5010.0,<1-109,42,46%,53%,470721.0,39297.0,6601.0,502.0
2020-12-09,520112,,30690,7187.0,,,2020-12-09T20:30:08.925608-05:00,5059.0,<1-109,42,46%,53%,478879.0,41233.0,6675.0,512.0
2020-12-10,531850,,31142,7298.0,,,2020-12-10T20:30:09.495775-05:00,5090.0,<1-109,42,46%,53%,489078.0,42772.0,6772.0,526.0
2020-12-11,542209,,31536,7426.0,,,2020-12-11T20:30:09.577671-05:00,5134.0,<1-109,42,46%,53%,497565.0,44644.0,6864.0,562.0
2020-12-12,553461,,31803,7477.0,,,2020-12-12T20:30:08.832404-05:00,5151.0,<1-111,42,46%,53%,507325.0,46136.0,6911.0,566.0
2020-12-13,562727,,31973,7492.0,,,2020-12-13T20:30:08.940309-05:00,5171.0,<1-111,42,46%,53%,515991.0,46736.0,6923.0,569.0
2020-12-14,570602,,32264,7551.0,,,2020-12-14T20:30:08.936684-05:00,5209.0,<1-111,42,46%,53%,522467.0,48135.0,6972.0,579.0
2020-12-15,579357,,32878,7654.0,,,2020-12-15T20:30:09.810264-05:00,5283.0,<1-111,43,46%,53%,529508.0,49849.0,7054.0,600.0
2020-12-16,584766,,33375,7777.0,,,2020-12-16T20:30:10.350687-05:00,5344.0,<1-111,43,46%,53%,533299.0,51467.0,7141.0,636.0
2020-12-17,596178,,33745,7894.0,,,2020-12-17T20:30:10.154912-05:00,5382.0,<1-111,43,46%,53%,542686.0,53492.0,7241.0,653.0
2020-12-18,605862,,34143,7967.0,,,2020-12-18T20:30:09.557712-05:00,5429.0,<1-111,43,46%,53%,550468.0,55394.0,7298.0,669.0
2020-12-19,614429,,34553,8031.0,,,2020-12-19T20:30:09.650858-05:00,5483.0,<1-111,43,46%,53%,557616.0,56813.0,7352.0,679.0
2020-12-20,622806,,34747,8047.0,,,2020-12-20T20:30:09.512719-05:00,5500.0,<1-111,43,46%,53%,565329.0,57477.0,7364.0,683.0
2020-12-21,629354,,35048,8122.0,,,2020-12-21T20:30:09.640651-05:00,5537.0,<1-111,43,46%,53%,570774.0,58580.0,7423.0,699.0
2020-12-22,637032,,35594,8252.0,,,2020-12-22T20:30:09.399275-05:00,5588.0,<1-111,43,46%,53%,576802.0,60230.0,7530.0,722.0
2020-12-23,644822,,36025,8361.0,,,2020-12-23T20:30:09.408076-05:00,5640.0,<1-111,43,46%,53%,583118.0,61704.0,7613.0,748.0
2020-12-24,653650,,36345,8456.0,,,2020-12-24T20:30:09.313277-05:00,5675.0,<1-111,43,46%,53%,590630.0,63020.0,7687.0,769.0
2020-12-26,664668,,36513,8476.0,,,2020-12-26T20:30:09.393364-05:00,5689.0,<1-111,43,46%,53%,600330.0,64338.0,7704.0,772.0
2020-12-27,670525,,36786,8509.0,,,2020-12-27T20:30:11.148166-05:00,5719.0,<1-111,43,46%,53%,605214.0,65311.0,7732.0,777.0
2020-12-28,675044,,37076,8571.0,,,2020-12-28T20:30:09.414530-05:00,5749.0,<1-111,43,46%,53%,608429.0,66615.0,7791.0,780.0
2020-12-29,682570,,37636,8722.0,,,2020-12-29T20:30:09.683549-05:00,5801.0,<1-111,43,46%,53%,614031.0,68539.0,7903.0,819.0
2020-12-30,690748,,38002,8855.0,,,2020-12-30T20:30:09.702808-05:00,5837.0,<1-111,43,46%,53%,620181.0,70567.0,8009.0,846.0
2020-12-31,700380,,38334,8962.0,,,2020-12-31T20:30:09.417363-05:00,5870.0,<1-111,43,46%,53%,628336.0,72044.0,8112.0,850.0
2021-01-02,714673,,38633,9017.0,,,2021-01-02T20:30:09.598204-05:00,5910.0,<1-111,43,46%,53%,640812.0,73861.0,8154.0,863.0
2021-01-03,721481,,38798,9076.0,,,2021-01-03T20:30:08.987683-05:00,5933.0,<1-111,43,46%,53%,646474.0,75007.0,8199.0,877.0
2021-01-04,727423,,39112,9143.0,,,2021-01-04T20:30:09.384886-05:00,5978.0,<1-111,43,46%,53%,650929.0,76494.0,8262.0,881.0
2021-01-05,735003,,39650,9247.0,,,2021-01-05T20:30:11.112157-05:00,6022.0,<1-111,43,46%,53%,656581.0,78422.0,8352.0,895.0
2021-01-06,742817,,40104,9368.0,,,2021-01-06T20:30:11.393338-05:00,6065.0,<1-111,43,46%,53%,662217.0,80600.0,8443.0,925.0
2021-01-07,753068,,40469,9462.0,,,2021-01-07T20:30:11.389144-05:00,6092.0,<1-111,43,46%,53%,670586.0,82482.0,8522.0,940.0
2021-01-08,762603,,40787,9544.0,,,2021-01-08T20:30:12.395174-05:00,6126.0,<1-111,43,46%,53%,678441.0,84162.0,8589.0,955.0
2021-01-09,770977,,41057,9599.0,,,2021-01-09T20:30:11.125585-05:00,6148.0,<1-111,43,46%,53%,685423.0,85554.0,8639.0,960.0
2021-01-10,777065,,41158,9627.0,,,2021-01-10T20:30:10.976232-05:00,6160.0,<1-111,43,46%,53%,690473.0,86592.0,8666.0,961.0
2021-01-11,784957,,41377,9702.0,,,2021-01-11T20:30:11.340597-05:00,6188.0,<1-111,43,46%,53%,696826.0,88131.0,8730.0,972.0
2021-01-12,792938,,41863,9802.0,,,2021-01-12T20:30:12.059294-05:00,6237.0,<1-111,43,46%,53%,702846.0,90092.0,8805.0,997.0
2021-01-13,799639,,42151,9881.0,,,2021-01-13T20:30:11.144243-05:00,6252.0,<1-111,43,46%,53%,707885.0,91754.0,8874.0,1007.0
2021-01-14,807293,,42491,9990.0,,,2021-01-14T20:30:12.589310-05:00,6289.0,<1-111,43,46%,53%,714168.0,93125.0,8974.0,1016.0
2021-01-15,814442,,42807,10057.0,,,2021-01-15T20:30:11.418879-05:00,6328.0,<1-111,43,46%,53%,719642.0,94800.0,9030.0,1027.0
2021-01-16,821507,,43048,10135.0,,,2021-01-16T20:30:14.141135-05:00,6345.0,<1-111,43,46%,53%,725111.0,96396.0,9080.0,1055.0
2021-01-17,826754,,43189,10200.0,,,2021-01-17T20:30:11.397958-05:00,6355.0,<1-111,43,46%,53%,725111.0,97176.0,9132.0,1068.0
2021-01-18,831066,,43351,10281.0,,,2021-01-18T20:30:12.588902-05:00,6371.0,<1-111,43,46%,53%,732762.0,98304.0,9205.0,1076.0
2021-01-19,836055,,43605,10336.0,,,2021-01-19T20:30:11.605839-05:00,6391.0,<1-111,43,46%,53%,736291.0,99764.0,9252.0,1084.0
2021-01-20,842433,,44009,10409.0,,,2021-01-20T20:30:12.047263-05:00,6430.0,<1-111,43,46%,53%,740926.0,101507.0,9313.0,1096.0
2021-01-21,849704,,44315,10518.0,,,2021-01-21T20:30:12.216969-05:00,6465.0,<1-111,43,46%,53%,746398.0,103306.0,9402.0,1116.0
2021-01-22,853982,,44519,10599.0,,,2021-01-22T20:30:11.628058-05:00,6485.0,<1-111,43,46%,53%,749592.0,104390.0,9464.0,1135.0
2021-01-23,859841,,44685,10680.0,,,2021-01-23T20:30:11.775277-05:00,6507.0,<1-111,43,46%,53%,754315.0,105526.0,9532.0,1148.0
2021-01-24,864322,,44783,10711.0,,,2021-01-24T20:30:11.862485-05:00,6521.0,<1-111,42,46%,53%,757622.0,106700.0,9555.0,1156.0
2021-01-25,868656,,44981,10768.0,,,2021-01-25T20:30:12.201746-05:00,6560.0,<1-111,42,46%,53%,760837.0,107819.0,9602.0,1166.0
2021-01-26,872918,,45276,10856.0,,,2021-01-26T20:30:11.903472-05:00,6600.0,<1-111,42,46%,53%,763650.0,109268.0,9678.0,1178.0
2021-01-27,878284,,45530,10931.0,,,2021-01-27T20:30:13.759365-05:00,6621.0,<1-111,42,46%,53%,767576.0,110708.0,9737.0,1194.0
2021-01-28,883716,,45786,11006.0,,,2021-01-28T20:30:15.337277-05:00,6644.0,<1-111,42,46%,53%,771743.0,111973.0,9803.0,1203.0
2021-01-29,888590,,45952,11070.0,,,2021-01-29T20:30:12.059902-05:00,6667.0,<1-111,42,46%,53%,775353.0,113237.0,9861.0,1209.0
2021-01-30,892781,,46135,11121.0,,,2021-01-30T20:30:12.445347-05:00,6682.0,<1-111,42,46%,53%,778650.0,114131.0,9907.0,1214.0
2021-01-31,895792,,46215,11175.0,,,2021-01-31T20:30:12.216931-05:00,6690.0,<1-111,42,46%,53%,780982.0,114810.0,9955.0,1220.0
2021-02-01,899079,,46438,11230.0,,,2021-02-01T20:30:11.293561-05:00,6709.0,<1-111,42,46%,53%,783158.0,115921.0,10000.0,1230.0
2021-02-02,902736,,46659,11336.0,,,2021-02-02T20:30:14.992219-05:00,6730.0,<1-111,42,46%,53%,785395.0,117341.0,10084.0,1252.0
2021-02-03,906727,,46873,11430.0,,,2021-02-03T20:30:12.766604-05:00,6766.0,<1-111,42,46%,53%,788126.0,118601.0,10167.0,1263.0
2021-02-04,910847,,47110,11509.0,,,2021-02-04T20:30:12.823648-05:00,6800.0,<1-111,42,46%,53%,791191.0,119656.0,10225.0,1284.0
2021-02-05,914530,,47338,11571.0,,,2021-02-05T20:30:11.528596-05:00,6821.0,<1-111,42,46%,53%,793822.0,120708.0,10270.0,1301.0
2021-02-06,918079,,47477,11652.0,,,2021-02-06T20:30:11.653078-05:00,6832.0,<1-111,42,46%,53%,796430.0,121649.0,10344.0,1308.0
2021-02-07,920217,,47538,11659.0,,,2021-02-07T20:30:12.351605-05:00,6836.0,<1-112,42,46%,53%,798069.0,122148.0,10351.0,1308.0
2021-02-08,922143,,47672,11695.0,,,2021-02-08T20:30:14.858696-05:00,6847.0,<1-112,42,46%,53%,799445.0,122698.0,10384.0,1311.0
2021-02-09,925350,,47853,11793.0,,,2021-02-09T20:30:12.510271-05:00,6869.0,<1-112,42,46%,53%,801505.0,123845.0,10468.0,1325.0
2021-02-10,928631,,48080,11856.0,,,2021-02-10T20:30:11.906911-05:00,6889.0,<1-112,42,46%,53%,803885.0,124746.0,10522.0,1334.0
2021-02-11,931437,,48269,12577.0,,,2021-02-11T20:30:12.096056-05:00,6908.0,<1-111,42,46%,53%,805971.0,125466.0,11104.0,1473.0
2021-02-12,934742,,48411,15136.0,,,2021-02-12T20:30:12.348805-05:00,6917.0,<1-111,42,46%,53%,807727.0,127015.0,13005.0,2131.0
2021-02-13,937541,,48492,16340.0,,,2021-02-13T20:30:11.525235-05:00,6925.0,<1-111,42,46%,53%,809589.0,127952.0,13898.0,2442.0
2021-02-14,939350,,48556,16346.0,,,2021-02-14T20:30:13.262376-05:00,6933.0,<1-111,42,46%,53%,810922.0,128428.0,13904.0,2442.0
2021-02-15,941265,,48635,16394.0,,,2021-02-15T20:30:12.640948-05:00,6939.0,<1-111,42,46%,53%,812300.0,128965.0,13945.0,2449.0
2021-02-16,943291,,48739,16453.0,,,2021-02-16T20:30:11.819213-05:00,6949.0,<1-111,42,46%,53%,813465.0,129826.0,14000.0,2453.0
2021-02-17,945107,,48888,16513.0,,,2021-02-17T20:30:11.744726-05:00,6974.0,<1-111,42,46%,53%,814532.0,130575.0,14046.0,2467.0
2021-02-18,947389,,49061,16611.0,,,2021-02-18T20:30:12.953606-05:00,7002.0,<1-111,42,46%,53%,816057.0,131332.0,14132.0,2479.0
2021-02-19,949695,,49213,16693.0,,,2021-02-19T20:30:15.191166-05:00,7014.0,<1-111,42,46%,53%,817493.0,132202.0,14204.0,2489.0
2021-02-20,952306,,49317,16749.0,,,2021-02-20T20:30:14.413467-05:00,7023.0,<1-111,42,46%,53%,818994.0,133312.0,14248.0,2501.0
2021-02-21,953767,,49372,16816.0,,,2021-02-21T20:30:14.947546-05:00,7028.0,<1-111,42,46%,53%,820039.0,133728.0,14301.0,2515.0
2021-02-22,955378,,49492,16874.0,,,2021-02-22T20:30:12.352979-05:00,7044.0,<1-111,42,46%,53%,821016.0,134362.0,14351.0,2523.0
2021-02-23,958153,,49651,16968.0,,,2021-02-23T20:30:12.416772-05:00,7073.0,<1-111,42,46%,53%,823091.0,135062.0,14430.0,2538.0
2021-02-24,959995,,49788,17045.0,,,2021-02-24T20:30:11.910708-05:00,7083.0,<1-111,42,46%,53%,824401.0,135594.0,14500.0,2545.0
2021-02-25,962404,,49951,17125.0,,,2021-02-25T20:30:12.361641-05:00,7104.0,<1-111,42,46%,53%,826149.0,136255.0,14573.0,2552.0
2021-02-26,964380,,50118,17183.0,,,2021-02-26T20:30:12.367767-05:00,7119.0,<1-111,42,46%,53%,827473.0,136907.0,14621.0,2562.0
2021-02-27,966154,,50197,17237.0,,,2021-02-27T20:30:12.061956-05:00,7130.0,<1-111,42,46%,53%,828470.0,137684.0,14660.0,2577.0
2021-02-28,967422,,50279,17297.0,,,2021-02-28T20:30:12.032108-05:00,7134.0,<1-111,42,46%,53%,829430.0,137992.0,14709.0,2588.0
2021-03-01,968874,,50382,17346.0,,,2021-03-01T20:30:11.652253-05:00,7148.0,<1-111,42,46%,53%,830282.0,138592.0,14752.0,2594.0
2021-03-02,970583,,50503,,,,2021-03-02T20:30:12.886064-05:00,7160.0,<1-111,42,46%,53%,831329.0,139254.0,,
2021-03-03,972605,,50613,,,,2021-03-03T20:30:12.958584-05:00,7174.0,<1-111,42,46%,53%,832502.0,140103.0,,
2021-03-04,974480,,50695,,,,2021-03-04T20:30:12.432441-05:00,7181.0,<1-111,42,46%,53%,833772.0,140708.0,,
2021-03-05,976230,,50782,,,,2021-03-05T20:30:11.724329-05:00,7184.0,<1-111,42,46%,53%,834857.0,141373.0,,
2021-03-06,977736,,50848,,,,2021-03-06T20:30:12.456532-05:00,7205.0,<1-111,42,46%,53%,835856.0,141880.0,,
2021-03-07,978471,,50881,,,,2021-03-07T20:30:12.268172-05:00,7207.0,<1-111,42,46%,53%,836358.0,142113.0,,
2021-03-08,979725,,50965,,,,2021-03-08T20:30:13.968654-05:00,7223.0,<1-111,42,46%,53%,837216.0,142509.0,,
2021-03-09,981618,,51097,,,,2021-03-09T20:30:13.485972-05:00,7240.0,<1-111,42,46%,53%,838235.0,143383.0,,
2021-03-10,983486,,51211,,,,2021-03-10T20:30:12.875511-05:00,7245.0,<1-111,42,46%,53%,839391.0,144095.0,,
2021-03-11,984934,,51323,,,,2021-03-11T20:30:12.187064-05:00,7255.0,<1-111,42,46%,53%,840382.0,144552.0,,
2021-03-12,986740,,51438,,,,2021-03-12T20:30:11.621070-05:00,7261.0,<1-111,42,46%,53%,841724.0,145016.0,,
2021-03-13,988298,,51516,,,,2021-03-13T20:30:12.063301-05:00,7266.0,<1-111,42,46%,53%,842626.0,145672.0,,
2021-03-14,989191,,51551,,,,2021-03-14T20:30:11.735062-04:00,7268.0,<1-111,42,46%,53%,843289.0,145902.0,,
2021-03-15,990340,,51642,,,,2021-03-15T20:30:11.831897-04:00,7277.0,<1-111,42,46%,53%,844076.0,146264.0,,
2021-03-16,992223,,51756,,,,2021-03-16T20:30:12.033779-04:00,7287.0,<1-111,42,46%,53%,845116.0,147107.0,,
2021-03-17,993681,,51837,,,,2021-03-17T20:30:11.752680-04:00,7295.0,<1-111,42,46%,53%,846071.0,147610.0,,
2021-03-18,995785,,51993,,,,2021-03-18T20:30:11.480615-04:00,7312.0,<1-111,42,46%,53%,847505.0,148280.0,,
2021-03-19,997336,,52049,,,,2021-03-19T20:30:11.480780-04:00,7319.0,<1-111,42,46%,53%,848594.0,148742.0,,
2021-03-20,998819,,52099,,,,2021-03-20T20:30:11.611244-04:00,7324.0,<1-111,42,46%,53%,849645.0,149174.0,,
2021-03-21,999750,,52129,,,,2021-03-21T20:30:11.446782-04:00,7326.0,<1-111,42,46%,53%,850351.0,149399.0,,
2021-03-22,1001194,,52207,,,,2021-03-22T20:30:11.356744-04:00,7339.0,<1-111,42,46%,53%,851248.0,149946.0,,
2021-03-23,1002822,,52349,,,,2021-03-23T20:30:11.915030-04:00,7351.0,<1-111,42,46%,53%,852146.0,150676.0,,
2021-03-24,1004670,,52472,,,,2021-03-24T20:30:11.655612-04:00,7364.0,<1-111,42,46%,53%,853398.0,151272.0,,
2021-03-25,1006171,,52539,,,,2021-03-25T20:30:11.936855-04:00,7369.0,<1-111,42,46%,53%,854450.0,151721.0,,
2021-03-26,1008913,,52650,,,,2021-03-26T20:30:11.764778-04:00,7383.0,<1-111,42,46%,53%,856310.0,152603.0,,
2021-03-27,1010603,,52687,,,,2021-03-27T20:30:11.716037-04:00,7387.0,<1-111,42,46%,53%,857480.0,153123.0,,
2021-03-28,1011622,,52714,,,,2021-03-28T20:30:11.809713-04:00,7387.0,<1-111,42,46%,53%,858489.0,153133.0,,
2021-03-29,1013119,,52817,,,,2021-03-29T20:30:12.811904-04:00,7409.0,<1-111,42,46%,53%,859423.0,153696.0,,
2021-03-30,1015577,,52968,,,,2021-03-30T20:30:11.853025-04:00,7416.0,<1-111,42,46%,53%,860817.0,154760.0,,
2021-03-31,1017566,,53076,,,,2021-03-31T20:30:28.399592-04:00,7429.0,<1-111,42,46%,53%,862156.0,155410.0,,
2021-04-01,1020041,,53169,,,,2021-04-01T20:30:10.666337-04:00,7438.0,<1-111,42,46%,53%,863980.0,156061.0,,
2021-04-02,1021718,,53243,,,,2021-04-02T20:30:10.405513-04:00,7446.0,<1-111,42,46%,53%,865081.0,156637.0,,
2021-04-03,1024011,,53306,,,,2021-04-03T20:30:10.317338-04:00,7450.0,<1-111,42,46%,53%,866822.0,157189.0,,
2021-04-05,1026929,,53445,,,,2021-04-05T20:30:10.197107-04:00,7462.0,<1-111,42,46%,53%,869125.0,157804.0,,
2021-04-06,1028800,,53561,,,,2021-04-06T20:30:10.178221-04:00,7472.0,<1-111,42,46%,53%,870273.0,158527.0,,
2021-04-07,1030864,,53730,,,,2021-04-07T20:30:10.048045-04:00,7485.0,<1-111,42,46%,53%,871741.0,159123.0,,
2021-04-08,1033606,,53841,,,,2021-04-08T20:30:10.060359-04:00,7506.0,<1-111,42,46%,53%,873606.0,160000.0,,
2021-04-09,1035552,,53960,,,,2021-04-09T20:30:10.042696-04:00,7518.0,<1-111,42,46%,53%,874977.0,160575.0,,
2021-04-10,1037600,,54047,,,,2021-04-10T20:30:10.022850-04:00,7529.0,<1-111,42,46%,53%,876418.0,161182.0,,
2021-04-11,1039455,,54078,,,,2021-04-11T20:30:10.111502-04:00,7531.0,<1-111,42,46%,53%,878012.0,161443.0,,
2021-04-12,1041389,,54167,,,,2021-04-12T20:30:10.997715-04:00,7549.0,<1-111,42,46%,53%,879480.0,161909.0,,
2021-04-13,1043729,,54334,,,,2021-04-13T20:30:09.962452-04:00,7562.0,<1-111,42,46%,53%,880898.0,162831.0,,
2021-04-14,1045945,,54455,,,,2021-04-14T20:30:10.372888-04:00,7573.0,<1-111,42,46%,53%,882363.0,163582.0,,
2021-04-15,1048109,,54636,,,,2021-04-15T20:30:10.201884-04:00,7604.0,<1-111,42,46%,53%,883946.0,164163.0,,
2021-04-16,1050112,,54787,,,,2021-04-16T20:30:10.171444-04:00,7619.0,<1-111,42,46%,53%,885361.0,164751.0,,
2021-04-17,1052099,,54870,,,,2021-04-17T20:30:10.060860-04:00,7631.0,<1-111,42,46%,53%,886836.0,165263.0,,
2021-04-18,1053175,,54897,,,,2021-04-18T20:30:09.976925-04:00,7631.0,<1-111,42,46%,53%,887690.0,165485.0,,
2021-04-19,1054807,,55016,,,,2021-04-19T20:30:09.885247-04:00,7641.0,<1-111,42,46%,53%,888894.0,165913.0,,
2021-04-20,1056606,,55185,,,,2021-04-20T20:30:10.758492-04:00,7670.0,<1-111,42,46%,53%,890013.0,166593.0,,
2021-04-21,1058395,,55323,,,,2021-04-21T20:30:10.521145-04:00,7682.0,<1-111,42,46%,53%,891181.0,167214.0,,
2021-04-22,1060119,,55446,,,,2021-04-22T20:30:10.066337-04:00,7697.0,<1-111,42,46%,53%,892447.0,167672.0,,
2021-04-23,1061907,,55560,,,,2021-04-23T20:30:10.041866-04:00,7707.0,<1-111,42,46%,53%,893695.0,168212.0,,
2021-04-24,1063433,,55641,,,,2021-04-24T20:30:10.212934-04:00,7713.0,<1-111,42,46%,53%,894839.0,168594.0,,
2021-04-25,1064306,,55685,,,,2021-04-25T20:30:10.768081-04:00,7721.0,<1-111,42,46%,53%,895504.0,168802.0,,
2021-04-26,1065702,,55813,,,,2021-04-26T20:30:12.722415-04:00,7733.0,<1-111,42,46%,53%,896637.0,169065.0,,
2021-04-27,1067262,,55992,,,,2021-04-27T20:30:10.905287-04:00,7749.0,<1-111,42,46%,53%,897574.0,169688.0,,
2021-04-28,1068985,,56145,,,,2021-04-28T20:30:21.937609-04:00,7760.0,<1-111,41,46%,53%,898811.0,170174.0,,
2021-04-29,1070771,,56272,,,,2021-04-29T20:30:09.968861-04:00,7772.0,<1-111,41,46%,53%,900146.0,170625.0,,
2021-04-30,1072312,,56400,,,,2021-04-30T20:30:10.452364-04:00,7793.0,<1-111,41,46%,53%,901143.0,171169.0,,
2021-05-01,1074019,,56489,,,,2021-05-01T20:30:09.959882-04:00,7807.0,<1-111,41,46%,53%,902415.0,171604.0,,
2021-05-02,1075004,,56553,,,,2021-05-02T20:30:09.962591-04:00,7819.0,<1-111,41,46%,53%,903229.0,171775.0,,
2021-05-03,1075999,,56642,,,,2021-05-03T20:30:09.979306-04:00,7836.0,<1-111,41,46%,53%,903946.0,172053.0,,
2021-05-04,1077284,,56846,,,,2021-05-04T20:30:09.969031-04:00,7856.0,<1-111,41,46%,53%,904769.0,172515.0,,
2021-05-05,1078734,,56991,,,,2021-05-05T20:30:10.636972-04:00,7874.0,<1-111,41,46%,53%,905847.0,172887.0,,
2021-05-06,1080121,,57118,,,,2021-05-06T20:30:11.858822-04:00,7889.0,<1-111,41,46%,53%,906928.0,173193.0,,
2021-05-07,1081518,,57201,,,,2021-05-07T20:30:10.022972-04:00,7896.0,<1-111,41,46%,53%,908008.0,173510.0,,
2021-05-08,1082815,,57287,,,,2021-05-08T20:30:09.866262-04:00,7904.0,<1-111,41,46%,53%,908990.0,173825.0,,
2021-05-09,1083609,,57315,,,,2021-05-09T20:30:09.788480-04:00,7906.0,<1-111,41,46%,53%,909637.0,173972.0,,
2021-05-10,1084322,,57402,,,,2021-05-10T20:30:09.723244-04:00,7924.0,<1-111,41,46%,53%,910154.0,174168.0,,
2021-05-11,1085733,,57545,,,,2021-05-11T20:30:09.817769-04:00,7939.0,<1-111,41,46%,53%,910900.0,174833.0,,
2021-05-12,1087182,,57718,,,,2021-05-12T20:30:10.336691-04:00,7953.0,<1-111,41,46%,53%,911944.0,175238.0,,
2021-05-13,1088343,,57809,,,,2021-05-13T20:30:10.573712-04:00,7955.0,<1-111,41,46%,53%,912682.0,175661.0,,
2021-05-14,1089357,,57914,,,,2021-05-14T20:30:11.337577-04:00,7965.0,<1-111,41,46%,53%,913431.0,175926.0,,
2021-05-15,1090276,,57956,,,,2021-05-15T14:01:08.186859-04:00,7974.0,<1-111,41,46%,53%,914068.0,176208.0,,
